pretension_N,n_files_used,velocity_mean,velocity_std
5.0,4,201.54598109982476,0.7340691279671372
8.0,4,205.81389126707174,1.2474428622617175
11.0,3,215.27272725083853,3.6918772065068572
