param,value,stderr,R2
a,8.922141314476757,2.090160091201111,0.8112475137373396
d,181.4578534847142,5.085922507852157,0.8112475137373396
