pretension_N,n_files_used,velocity_mean,velocity_std
5.0,4,203.00433289747275,2.5921878552125435
8.0,4,205.67491320138436,1.195974098169595
11.0,3,216.32126849546816,1.2188877239078693
