folder_voltage_V,n_files_used,mean_velocity_mps,std_velocity_mps,mean_peak_accel_mps2,std_peak_accel_mps2
10.0,5,219.37590663269808,5.789928316736507,22.592267400250396,0.22335470641344113
20.0,5,214.89024566955374,1.67044778998009,56.595260628865084,0.1733336608567595
30.0,5,217.0936038138846,2.471440596552903,77.6542170629295,0.3101938002331006
40.0,5,217.51478151751363,1.713927837462998,82.98747087898529,0.29870094403817954
45.0,5,218.38559674900543,3.171507192634608,84.69327480346355,0.32558766721966137
50.0,5,214.75617268114942,1.811775381873089,85.7005917565986,0.15756058320281094
