param,value,stderr,R2
a,14.432561102879106,1.8046098024530353,0.7804642722397698
d,163.46781339988198,5.03623801656133,0.7804642722397698
