param,value,stderr,R2
a,9.475260487342453,2.4301898038906957,0.7412035078902159
d,160.04788728375422,6.265791732744941,0.7412035078902159
