param,value,stderr,R2
a,9.475261101540825,2.4301894939705475,0.7412034759390658
d,160.04788566287522,6.265790912817796,0.7412034759390658
