param,value,stderr,R2
a,19.14641586999994,0.8716778084734306,0.7083436431841063
d,151.79434108974738,3.050911362760502,0.7083436431841063
