param,value,stderr,R2
a,19.28334323786073,0.661072415998806,0.6600174493756539
d,152.69887194288268,2.2532363508403432,0.6600174493756539
